Luxury Hotels | Trump Hotels - Official Website | 5 Star Hotels,https://www.trumphotels.com/,0
Opinion | Trump Made a Huge Mistake by Announcing Early,https://www.politico.com/news/magazine/2022/12/14/trump-2024-announcement-mistake-00073902,0
Trump Winery: Home,https://www.trumpwinery.com/,0
"Donald Trump - Bio, News, Photos - Washington Times",https://www.washingtontimes.com/topics/donald-trump/,0
Donald J. Trump - Facebook,https://www.facebook.com/DonaldTrump/,0
Donald Trump | Today's latest from Al Jazeera,https://www.aljazeera.com/tag/donald-trump/,0
Donald Trump | Fox News,https://www.foxnews.com/category/person/donald-trump,0
Donald Trump - The New York Times,https://www.nytimes.com/spotlight/donald-trump,0
Donald Trump - Bloomberg Billionaires Index,https://www.bloomberg.com/billionaires/profiles/donald-j-trump/,0
"Donald Trump: news, videos, reports and analysis - France 24",https://www.france24.com/en/tag/donald-trump/,0
